NClients,Type,TotalCalls,Time,MicrosPerCall,Latency,Throughput,Size
1,Sequence,10000,479315.18600,47.93152,23.96576,667619.15613,4
1,Vector,10,51003.72800,5100.37280,2550.18640,2509620473.23286,1600000
1,Hashmap,10,1016849.86400,101684.98640,50842.49320,13287231.94873,168889
2,Sequence,20000,1036003.91100,51.80020,25.90010,617758.28566,4
2,Vector,20,111688.83200,5584.44160,2792.22080,2292082345.35034,1600000
2,Hashmap,20,1896230.22400,94811.51120,47405.75560,14250505.90271,168889
3,Sequence,30000,1686379.98900,56.21267,28.10633,569266.71703,4
3,Vector,30,166615.73100,5553.85770,2776.92885,2304704349.91520,1600000
3,Hashmap,30,2927824.05300,97594.13510,48797.06755,13844192.56972,168889
4,Sequence,40000,2264714.11800,56.61785,28.30893,565192.74986,4
4,Vector,40,257127.34800,6428.18370,3214.09185,1991231208.90276,1600000
4,Hashmap,40,4040418.15600,101010.45390,50505.22695,13375962.06961,168889
5,Sequence,50000,3079800.60300,61.59601,30.79801,519514.15246,4
5,Vector,50,432612.29000,8652.24580,4326.12290,1479384693.39371,1600000
5,Hashmap,50,6340972.27300,126819.44546,63409.72273,10653823.59227,168889
6,Sequence,60000,3803830.22300,63.39717,31.69859,504754.38898,4
6,Vector,60,501904.45600,8365.07427,4182.53713,1530171710.60940,1600000
6,Hashmap,60,8290406.42600,138173.44043,69086.72022,9778377.05830,168889
7,Sequence,70000,3996400.50600,57.09144,28.54572,560504.38304,4
7,Vector,70,919637.43800,13137.67769,6568.83884,974297003.33709,1600000
7,Hashmap,70,11013193.70500,157331.33864,78665.66932,8587685.14687,168889
8,Sequence,80000,4758482.15100,59.48103,29.74051,537986.67700,4
8,Vector,80,925692.22600,11571.15283,5785.57641,1106199200.16483,1600000
8,Hashmap,80,10853122.92700,135664.03659,67832.01829,9959249.58438,168889
9,Sequence,90000,5491898.41900,61.02109,30.51055,524408.82556,4
9,Vector,90,1304294.63000,14492.16256,7246.08128,883236021.60349,1600000
9,Hashmap,90,12405284.86200,137836.49847,68918.24923,9802280.34686,168889
10,Sequence,100000,6424395.82500,64.24396,32.12198,498101.31367,4
10,Vector,100,1102060.77000,11020.60770,5510.30385,1161460451.94949,1600000
10,Hashmap,100,13978423.79900,139784.23799,69892.11900,9665696.35767,168889
1,Sequence,10000,612935.99600,61.29360,30.64680,522077.34917,4
1,Vector,10,53403.43300,5340.34330,2670.17165,2396849655.71408,1600000
1,Hashmap,10,795527.59600,79552.75960,39776.37980,16983848.28878,168889
2,Sequence,20000,1215669.94500,60.78350,30.39175,526458.68447,4
2,Vector,20,114965.79200,5748.28960,2874.14480,2226749327.31295,1600000
2,Hashmap,20,1818417.13300,90920.85665,45460.42833,14860308.73203,168889
3,Sequence,30000,1813260.70700,60.44202,30.22101,529432.96918,4
3,Vector,30,208269.98400,6942.33280,3471.16640,1843760644.83685,1600000
3,Hashmap,30,3362784.18900,112092.80630,56046.40315,12053512.12623,168889
4,Sequence,40000,2177174.28400,54.42936,27.21468,587918.02264,4
4,Vector,40,229369.41600,5734.23540,2867.11770,2232206930.32588,1600000
4,Hashmap,40,3955331.61400,98883.29035,49441.64518,13663703.90000,168889
5,Sequence,50000,2846662.59300,56.93325,28.46663,562061.69426,4
5,Vector,50,376470.12900,7529.40258,3764.70129,1700002073.73690,1600000
5,Hashmap,50,6424170.34100,128483.40682,64241.70341,10515848.18180,168889
6,Sequence,60000,3699893.35500,61.66489,30.83244,518933.87614,4
6,Vector,60,496003.76500,8266.72942,4133.36471,1548375343.48152,1600000
6,Hashmap,60,8133690.60300,135561.51005,67780.75503,9966781.86531,168889
7,Sequence,70000,4198459.78600,59.97800,29.98900,533528.98781,4
7,Vector,70,982228.26500,14031.83236,7015.91618,912211582.50827,1600000
7,Hashmap,70,10259940.50000,146570.57857,73285.28929,9218166.51861,168889
8,Sequence,80000,4788047.14000,59.85059,29.92529,534664.74434,4
8,Vector,80,1140087.42200,14251.09278,7125.54639,898176736.48539,1600000
8,Hashmap,80,11924350.96400,149054.38705,74527.19353,9064557.08376,168889
9,Sequence,90000,5248528.12100,58.31698,29.15849,548725.26804,4
9,Vector,90,884827.43500,9831.41594,4915.70797,1301948780.55516,1600000
9,Hashmap,90,12660505.27100,140672.28079,70336.14039,9604678.28077,168889
10,Sequence,100000,6509989.89900,65.09990,32.54995,491552.22199,4
10,Vector,100,1402350.35900,14023.50359,7011.75180,912753358.52073,1600000
10,Hashmap,100,13899442.79600,138994.42796,69497.21398,9720619.88261,168889
1,Sequence,10000,468040.07600,46.80401,23.40200,683702.13665,4
1,Vector,10,60196.64300,6019.66430,3009.83215,2126364422.01603,1600000
1,Hashmap,10,964640.50600,96464.05060,48232.02530,14006378.45494,168889
2,Sequence,20000,1095816.82300,54.79084,27.39542,584039.21766,4
2,Vector,20,108379.85800,5418.99290,2709.49645,2362062515.34303,1600000
2,Hashmap,20,1882482.30900,94124.11545,47062.05773,14354578.45782,168889
3,Sequence,30000,2011844.64100,67.06149,33.53074,477174.02250,4
3,Vector,30,203754.93700,6791.83123,3395.91562,1884616911.14753,1600000
3,Hashmap,30,2838762.87400,94625.42913,47312.71457,14278529.69730,168889
4,Sequence,40000,2259179.86800,56.47950,28.23975,566577.28680,4
4,Vector,40,280722.88900,7018.07223,3509.03611,1823862677.61729,1600000
4,Hashmap,40,4397408.44600,109935.21115,54967.60558,12290075.08938,168889
5,Sequence,50000,2976429.25700,59.52859,29.76429,537556.87162,4
5,Vector,50,354112.96500,7082.25930,3541.12965,1807332866.22251,1600000
5,Hashmap,50,5602480.91100,112049.61822,56024.80911,12058157.99700,168889
6,Sequence,60000,3815774.34000,63.59624,31.79812,503174.40942,4
6,Vector,60,475570.36400,7926.17273,3963.08637,1614902984.15652,1600000
6,Hashmap,60,8932550.54100,148875.84235,74437.92118,9075428.07935,168889
7,Sequence,70000,4407293.01000,62.96133,31.48066,508248.48607,4
7,Vector,70,663770.17100,9482.43101,4741.21551,1349864816.38688,1600000
7,Hashmap,70,11134767.38000,159068.10543,79534.05271,8493921.49583,168889
8,Sequence,80000,5195931.67200,64.94915,32.47457,492693.16104,4
8,Vector,80,1051986.94900,13149.83686,6574.91843,973396106.26671,1600000
8,Hashmap,80,11106329.83400,138829.12293,69414.56146,9732194.30861,168889
9,Sequence,90000,5744418.30800,63.82687,31.91344,501356.24629,4
9,Vector,90,1441243.11100,16013.81234,8006.90617,799309978.45373,1600000
9,Hashmap,90,13212445.75000,146804.95278,73402.47639,9203449.70953,168889
10,Sequence,100000,6084244.78300,60.84245,30.42122,525948.59578,4
10,Vector,100,1389746.38500,13897.46385,6948.73193,921031357.81857,1600000
10,Hashmap,100,14247408.44200,142474.08442,71237.04221,9483212.37157,168889
1,Sequence,10000,511401.94400,51.14019,25.57010,625730.90258,4
1,Vector,10,41849.07400,4184.90740,2092.45370,3058610090.15397,1600000
1,Hashmap,10,885677.28800,88567.72880,44283.86440,15255127.55386,168889
2,Sequence,20000,1193255.49700,59.66277,29.83139,536347.83297,4
2,Vector,20,143832.27000,7191.61350,3595.80675,1779850933.31281,1600000
2,Hashmap,20,1858400.14800,92920.00740,46460.00370,14540592.90142,168889
3,Sequence,30000,1747052.43200,58.23508,29.11754,549496.95980,4
3,Vector,30,190048.52700,6334.95090,3167.47545,2020536575.90306,1600000
3,Hashmap,30,2846527.85400,94884.26180,47442.13090,14239579.61382,168889
4,Sequence,40000,2464387.18800,61.60968,30.80484,519398.90218,4
4,Vector,40,278458.11400,6961.45285,3480.72643,1838696645.05449,1600000
4,Hashmap,40,4395017.97700,109875.44943,54937.72471,12296759.71357,168889
5,Sequence,50000,3070816.53600,61.41633,30.70817,521034.05763,4
5,Vector,50,347316.39000,6946.32780,3473.16390,1842700253.79453,1600000
5,Hashmap,50,5494592.92900,109891.85858,54945.92929,12294923.54992,168889
6,Sequence,60000,3581917.74900,59.69863,29.84931,536025.70872,4
6,Vector,60,440259.83600,7337.66393,3668.83197,1744424399.41308,1600000
6,Hashmap,60,7055889.75400,117598.16257,58799.08128,11489227.13171,168889
7,Sequence,70000,4189324.10400,59.84749,29.92374,534692.45740,4
7,Vector,70,575773.75400,8225.33934,4112.66967,1556166799.50299,1600000
7,Hashmap,70,9274794.59800,132497.06569,66248.53284,10197297.52510,168889
8,Sequence,80000,4732533.19400,59.15666,29.57833,540936.51224,4
8,Vector,80,811116.79900,10138.95999,5069.47999,1262456900.48888,1600000
8,Hashmap,80,10810985.31300,135137.31641,67568.65821,9998067.41667,168889
9,Sequence,90000,5180932.38100,57.56592,28.78296,555884.49881,4
9,Vector,90,1136263.38500,12625.14872,6312.57436,1013849443.01448,1600000
9,Hashmap,90,12284981.45400,136499.79393,68249.89697,9898271.35314,168889
10,Sequence,100000,6230776.06200,62.30776,31.15388,513579.68384,4
10,Vector,100,1096619.33300,10966.19333,5483.09667,1167223631.28355,1600000
10,Hashmap,100,14157594.54400,141575.94544,70787.97272,9543372.61037,168889
1,Sequence,10000,488882.82800,48.88828,24.44414,654553.56922,4
1,Vector,10,42593.64300,4259.36430,2129.68215,3005143279.24475,1600000
1,Hashmap,10,837436.07500,83743.60750,41871.80375,16133912.07203,168889
2,Sequence,20000,1083580.54800,54.17903,27.08951,590634.44908,4
2,Vector,20,109814.83600,5490.74180,2745.37090,2331196852.12661,1600000
2,Hashmap,20,1554092.77100,77704.63855,38852.31928,17387790.80905,168889
3,Sequence,30000,1600478.06000,53.34927,26.67463,599820.78105,4
3,Vector,30,175902.61300,5863.42043,2931.71022,2183026127.07635,1600000
3,Hashmap,30,2910074.12000,97002.47067,48501.23533,13928634.91738,168889
4,Sequence,40000,2316868.62500,57.92172,28.96086,552469.82336,4
4,Vector,40,353218.77900,8830.46948,4415.23474,1449526555.32508,1600000
4,Hashmap,40,4913832.45100,122845.81128,61422.90564,10998437.68361,168889
5,Sequence,50000,2848761.16000,56.97522,28.48761,561647.64616,4
5,Vector,50,385253.53700,7705.07074,3852.53537,1661243670.81411,1600000
5,Hashmap,50,6586195.07000,131723.90140,65861.95070,10257151.40259,168889
6,Sequence,60000,3633022.61500,60.55038,30.27519,528485.56243,4
6,Vector,60,523874.47200,8731.24120,4365.62060,1466000045.90413,1600000
6,Hashmap,60,7227943.38000,120465.72300,60232.86150,11215738.10668,168889
7,Sequence,70000,4100073.29200,58.57248,29.28624,546331.69714,4
7,Vector,70,564228.07500,8060.40107,4030.20054,1588010309.48345,1600000
7,Hashmap,70,12563184.00600,179474.05723,89737.02861,7528174.38277,168889
8,Sequence,80000,5020800.30600,62.76000,31.38000,509878.87269,4
8,Vector,80,947382.51600,11842.28145,5921.14072,1080872807.66326,1600000
8,Hashmap,80,12153411.62900,151917.64536,75958.82268,8893713.41147,168889
9,Sequence,90000,5558022.42500,61.75580,30.87790,518169.91365,4
9,Vector,90,1377897.52700,15309.97252,7654.98626,836056366.62123,1600000
9,Hashmap,90,12977520.01800,144194.66687,72097.33343,9370055.28262,168889
10,Sequence,100000,5954539.25600,59.54539,29.77270,537405.13958,4
10,Vector,100,1481286.98300,14812.86983,7406.43492,864113446.40838,1600000
10,Hashmap,100,13954939.54100,139549.39541,69774.69771,9681962.40500,168889
1,Sequence,10000,479036.08900,47.90361,23.95180,668008.12579,4
1,Vector,10,37453.40800,3745.34080,1872.67040,3417579516.39541,1600000
1,Hashmap,10,855708.63500,85570.86350,42785.43175,15789393.08004,168889
2,Sequence,20000,1132405.05200,56.62025,28.31013,565168.79616,4
2,Vector,20,127367.19900,6368.35995,3184.17998,2009936639.96646,1600000
2,Hashmap,20,2012659.99500,100632.99975,50316.49988,13426132.61412,168889
3,Sequence,30000,1796320.94800,59.87736,29.93868,534425.65543,4
3,Vector,30,212098.70500,7069.95683,3534.97842,1810477815.03428,1600000
3,Hashmap,30,2895149.62500,96504.98750,48252.49375,14000437.02405,168889
4,Sequence,40000,2360406.74600,59.01017,29.50508,542279.41950,4
4,Vector,40,283437.12400,7085.92810,3542.96405,1806397104.14222,1600000
4,Hashmap,40,4305587.06500,107639.67663,53819.83831,12552174.46172,168889
5,Sequence,50000,3119889.81900,62.39780,31.19890,512838.62342,4
5,Vector,50,390658.27800,7813.16556,3906.58278,1638260433.84136,1600000
5,Hashmap,50,6931382.15500,138627.64310,69313.82155,9746338.96809,168889
6,Sequence,60000,3645072.29900,60.75120,30.37560,526738.52327,4
6,Vector,60,629803.05200,10496.71753,5248.35877,1219428831.85647,1600000
6,Hashmap,60,8955064.93600,149251.08227,74625.54113,9052611.07310,168889
7,Sequence,70000,4237722.92600,60.53890,30.26945,528585.76153,4
7,Vector,70,710233.42200,10146.19174,5073.09587,1261557077.21679,1600000
7,Hashmap,70,10439202.92400,149131.47034,74565.73517,9059871.78222,168889
8,Sequence,80000,4810527.02100,60.13159,30.06579,532166.22396,4
8,Vector,80,1070923.15000,13386.53937,6693.26969,956184391.00882,1600000
8,Hashmap,80,10632436.89400,132905.46118,66452.73059,10165962.99396,168889
9,Sequence,90000,5734452.75000,63.71614,31.85807,502227.52293,4
9,Vector,90,1230949.47200,13677.21636,6838.60818,935862946.61492,1600000
9,Hashmap,90,11977164.57100,133079.60634,66539.80317,10152660.02894,168889
10,Sequence,100000,6279717.55400,62.79718,31.39859,509577.05860,4
10,Vector,100,1198433.44800,11984.33448,5992.16724,1068060977.55042,1600000
10,Hashmap,100,14106486.25600,141064.86256,70532.43128,9577948.57968,168889
1,Sequence,10000,475695.62600,47.56956,23.78478,672699.05904,4
1,Vector,10,51566.45200,5156.64520,2578.32260,2482233991.97602,1600000
1,Hashmap,10,834190.76700,83419.07670,41709.53835,16196678.90666,168889
2,Sequence,20000,1059240.87600,52.96204,26.48102,604206.29009,4
2,Vector,20,97767.17700,4888.35885,2444.17943,2618465704.49712,1600000
2,Hashmap,20,1775978.31200,88798.91560,44399.45780,15215411.03144,168889
3,Sequence,30000,1685486.47100,56.18288,28.09144,569568.49937,4
3,Vector,30,184394.46800,6146.48227,3073.24113,2082491975.84387,1600000
3,Hashmap,30,2701835.67300,90061.18910,45030.59455,15002155.90647,168889
4,Sequence,40000,2419163.61900,60.47909,30.23955,529108.48607,4
4,Vector,40,322385.48000,8059.63700,4029.81850,1588160856.37604,1600000
4,Hashmap,40,4485939.60100,112148.49002,56074.24501,12047527.34253,168889
5,Sequence,50000,2893417.29000,57.86835,28.93417,552979.34575,4
5,Vector,50,359502.66400,7190.05328,3595.02664,1780237155.62786,1600000
5,Hashmap,50,5232645.05700,104652.90114,52326.45057,12910411.32431,168889
6,Sequence,60000,3762258.43100,62.70431,31.35215,510331.76886,4
6,Vector,60,509872.38400,8497.87307,4248.93653,1506259260.35641,1600000
6,Hashmap,60,7782566.07500,129709.43458,64854.71729,10416451.23456,168889
7,Sequence,70000,4139622.39300,59.13746,29.56873,541112.15646,4
7,Vector,70,976407.24200,13948.67489,6974.33744,917649891.82659,1600000
7,Hashmap,70,10531414.28800,150448.77554,75224.38777,8980545.00693,168889
8,Sequence,80000,4794625.73300,59.93282,29.96641,533931.14344,4
8,Vector,80,1135793.62100,14197.42026,7098.71013,901572240.82525,1600000
8,Hashmap,80,10782746.49800,134784.33123,67392.16561,10024251.24434,168889
9,Sequence,90000,5390018.07500,59.88909,29.94454,534321.02823,4
9,Vector,90,1437649.42400,15973.88249,7986.94124,801308010.67952,1600000
9,Hashmap,90,12109862.18500,134554.02428,67277.01214,10041409.07158,168889
10,Sequence,100000,6496317.13200,64.96317,32.48159,492586.78956,4
10,Vector,100,1515353.43700,15153.53437,7576.76719,844687429.84083,1600000
10,Hashmap,100,13972884.70700,139728.84707,69864.42354,9669528.00608,168889
1,Sequence,10000,614271.75500,61.42718,30.71359,520942.07066,4
1,Vector,10,62747.90300,6274.79030,3137.39515,2039908807.78916,1600000
1,Hashmap,10,941050.49900,94105.04990,47052.52495,14357486.67511,168889
2,Sequence,20000,1080211.57900,54.01058,27.00529,592476.52260,4
2,Vector,20,91793.57200,4589.67860,2294.83930,2788866305.36613,1600000
2,Hashmap,20,1840185.83900,92009.29195,46004.64598,14684516.87178,168889
3,Sequence,30000,1643468.49200,54.78228,27.39114,584130.45621,4
3,Vector,30,203429.39000,6780.97967,3390.48983,1887632853.83690,1600000
3,Hashmap,30,2939273.67700,97975.78923,48987.89462,13790264.00882,168889
4,Sequence,40000,2261233.67300,56.53084,28.26542,566062.68308,4
4,Vector,40,249832.63200,6245.81580,3122.90790,2049371997.16969,1600000
4,Hashmap,40,4382756.11300,109568.90283,54784.45141,12331162.99574,168889
5,Sequence,50000,2986262.19800,59.72524,29.86262,535786.84453,4
5,Vector,50,417693.63900,8353.87278,4176.93639,1532223477.31276,1600000
5,Hashmap,50,6165632.50100,123312.65002,61656.32501,10956799.64530,168889
6,Sequence,60000,3664376.69300,61.07294,30.53647,523963.59896,4
6,Vector,60,559531.19900,9325.51998,4662.75999,1372577617.42791,1600000
6,Hashmap,60,8385998.39600,139766.63993,69883.31997,9666913.36820,168889
7,Sequence,70000,4216318.99700,60.23313,30.11656,531269.10027,4
7,Vector,70,793961.96700,11342.31381,5671.15691,1128517532.62886,1600000
7,Hashmap,70,10278411.09500,146834.44421,73417.22211,9201601.21305,168889
8,Sequence,80000,4700407.82100,58.75510,29.37755,544633.59298,4
8,Vector,80,1001129.75900,12514.12199,6257.06099,1022844432.29701,1600000
8,Hashmap,80,10874326.84000,135929.08550,67964.54275,9939829.98583,168889
9,Sequence,90000,5378191.98000,59.75769,29.87884,535495.94561,4
9,Vector,90,1358627.46000,15095.86067,7547.93033,847914556.35675,1600000
9,Hashmap,90,13294040.99700,147711.56663,73855.78332,9146961.41132,168889
10,Sequence,100000,6300646.96500,63.00647,31.50323,507884.35184,4
10,Vector,100,1565611.39600,15656.11396,7828.05698,817571974.29087,1600000
10,Hashmap,100,14859138.50500,148591.38505,74295.69253,9092801.70950,168889
1,Sequence,10000,448338.23700,44.83382,22.41691,713746.84020,4
1,Vector,10,47895.91400,4789.59140,2394.79570,2672461788.70289,1600000
1,Hashmap,10,842996.43100,84299.64310,42149.82155,16027493.71545,168889
2,Sequence,20000,1200182.20500,60.00911,30.00456,533252.36563,4
2,Vector,20,117700.38700,5885.01935,2942.50968,2175014088.95113,1600000
2,Hashmap,20,2000108.44500,100005.42225,50002.71113,13510387.43302,168889
3,Sequence,30000,1753604.55700,58.45349,29.22674,547443.83286,4
3,Vector,30,192621.42800,6420.71427,3210.35713,1993547675.28772,1600000
3,Hashmap,30,3041242.25700,101374.74190,50687.37095,13327895.83161,168889
4,Sequence,40000,2342371.46800,58.55929,29.27964,546454.74362,4
4,Vector,40,261083.04500,6527.07613,3263.53806,1961061852.94415,1600000
4,Hashmap,40,4242977.87000,106074.44675,53037.22338,12737393.79649,168889
5,Sequence,50000,2840493.19800,56.80986,28.40493,563282.46134,4
5,Vector,50,413937.56400,8278.75128,4139.37564,1546126893.66844,1600000
5,Hashmap,50,6007225.17500,120144.50350,60072.25175,11245724.61195,168889
6,Sequence,60000,3463425.97600,57.72377,28.86188,554364.38177,4
6,Vector,60,542233.45300,9037.22422,4518.61211,1416364106.18140,1600000
6,Hashmap,60,8411494.02800,140191.56713,70095.78357,9637612.50144,168889
7,Sequence,70000,4224095.26000,60.34422,30.17211,530291.07113,4
7,Vector,70,642676.60500,9181.09436,4590.54718,1394169311.64003,1600000
7,Hashmap,70,9435887.47500,134798.39250,67399.19625,10023205.58088,168889
8,Sequence,80000,5032121.93400,62.90152,31.45076,508731.71071,4
8,Vector,80,808737.97200,10109.22465,5054.61233,1266170299.22270,1600000
8,Hashmap,80,11557664.07700,144470.80096,72235.40048,9352145.83846,168889
9,Sequence,90000,5522642.90900,61.36270,30.68135,521489.44762,4
9,Vector,90,955834.02500,10620.37806,5310.18903,1205230165.35219,1600000
9,Hashmap,90,12735412.64400,141504.58493,70752.29247,9548185.31595,168889
10,Sequence,100000,6162405.24200,61.62405,30.81203,519277.76158,4
10,Vector,100,1576732.00100,15767.32001,7883.66001,811805683.64706,1600000
10,Hashmap,100,15119512.64300,151195.12643,75597.56322,8936213.96339,168889
1,Sequence,10000,475580.58800,47.55806,23.77903,672861.77795,4
1,Vector,10,56889.07500,5688.90750,2844.45375,2249992639.18424,1600000
1,Hashmap,10,1010838.29200,101083.82920,50541.91460,13366252.65082,168889
2,Sequence,20000,1134665.60200,56.73328,28.36664,564042.83242,4
2,Vector,20,115284.13700,5764.20685,2882.10343,2220600393.61703,1600000
2,Hashmap,20,1897908.96300,94895.44815,47447.72408,14237901.04099,168889
3,Sequence,30000,1624181.18100,54.13937,27.06969,591067.06273,4
3,Vector,30,196761.24600,6558.70820,3279.35410,1951603823.44804,1600000
3,Hashmap,30,2997059.79900,99901.99330,49950.99665,13524374.79343,168889
4,Sequence,40000,2428396.64200,60.70992,30.35496,527096.75918,4
4,Vector,40,361223.27800,9030.58195,4515.29098,1417405884.89981,1600000
4,Hashmap,40,4699701.68100,117492.54203,58746.27101,11499555.43317,168889
5,Sequence,50000,2932443.67200,58.64887,29.32444,545620.02854,4
5,Vector,50,416131.17800,8322.62356,4161.31178,1537976565.64921,1600000
5,Hashmap,50,6432594.86100,128651.89722,64325.94861,10502075.98330,168889
6,Sequence,60000,3458756.47000,57.64594,28.82297,555112.80330,4
6,Vector,60,501110.28700,8351.83812,4175.91906,1532596755.49227,1600000
6,Hashmap,60,8595270.51900,143254.50865,71627.25433,9431549.57378,168889
7,Sequence,70000,4498031.48800,64.25759,32.12880,497995.62453,4
7,Vector,70,831390.07800,11877.00111,5938.50056,1077713126.13620,1600000
7,Hashmap,70,10360991.88700,148014.16981,74007.08491,9128261.17726,168889
8,Sequence,80000,5036788.79100,62.95986,31.47993,508260.34329,4
8,Vector,80,1101941.26200,13774.26578,6887.13289,929269131.95125,1600000
8,Hashmap,80,12053427.63400,150667.84543,75333.92271,8967487.36394,168889
9,Sequence,90000,5401139.43600,60.01266,30.00633,533220.82019,4
9,Vector,90,1314245.25800,14602.72509,7301.36254,876548721.01505,1600000
9,Hashmap,90,12340899.46200,137121.10513,68560.55257,9853421.16873,168889
10,Sequence,100000,6209863.14700,62.09863,31.04932,515309.26274,4
10,Vector,100,1267419.37400,12674.19374,6337.09687,1009926174.60178,1600000
10,Hashmap,100,14341371.88000,143413.71880,71706.85940,9421079.17782,168889
